year,title,place,image_url
2023,뮤지컬 〈물랑루즈!〉 아시아 초연 (Moulin Rouge! The Musical),블루스퀘어 신한카드홀,https://ticketimage.interpark.com/Play/image/large/22/22014586_p.gif
2023,뮤지컬 〈맘마미아!〉,충무아트센터 대극장,https://ticketimage.interpark.com/Play/image/large/23/23000103_p.gif
2023,뮤지컬 〈영웅〉 - 블루스퀘어,블루스퀘어 신한카드홀,https://ticketimage.interpark.com/Play/image/large/23/23001653_p.gif
2023,뮤지컬 〈베토벤; Beethoven Secret〉,예술의전당 오페라극장,https://ticketimage.interpark.com/Play/image/large/22/22015806_p.gif
2023,뮤지컬 데스노트 (The Musical Death Note),샤롯데씨어터,https://ticketimage.interpark.com/Play/image/large/23/23002291_p.gif
2023,뮤지컬 〈오페라의 유령〉 - 부산,부산 드림씨어터,https://ticketimage.interpark.com/Play/image/large/23/23000632_p.gif
2023,뮤지컬 〈마틸다〉,대성 디큐브아트센터,https://ticketimage.interpark.com/Play/image/large/22/22009226_p.gif
2023,뮤지컬 〈레드북〉,홍익대 대학로 아트센터 대극장,https://ticketimage.interpark.com/Play/image/large/23/23001738_p.gif
2023,뮤지컬 〈시카고〉 25주년 기념 오리지널 내한,블루스퀘어 신한카드홀,https://ticketimage.interpark.com/Play/image/large/23/23004325_p.gif
2023,뮤지컬 〈스위니토드〉,샤롯데씨어터,https://ticketimage.interpark.com/Play/image/large/22/22013271_p.gif
2023,뮤지컬 ＇영웅＇,LG아트센터 서울 LG SIGNATURE 홀,https://ticketimage.interpark.com/Play/image/large/L0/L0000021_p.gif
2023,뮤지컬 〈여신님이 보고 계셔〉 10th Anniversary,대학로 유니플렉스 1관,https://ticketimage.interpark.com/Play/image/large/22/22013053_p.gif
2023,2023 뮤지컬 〈광염 소나타〉,드림아트센터 1관,https://ticketimage.interpark.com/Play/image/large/23/23001780_p.gif
2023,뮤지컬 〈베토벤; Beethoven Secret〉 SEASON 2,세종문화회관 대극장,https://ticketimage.interpark.com/Play/image/large/23/23003904_p.gif
2023,뮤지컬 〈캣츠〉 오리지널 내한－서울（Musical CATS）,세종문화회관 대극장,https://ticketimage.interpark.com/Play/image/large/22/22015465_p.gif
2023,〈식스〉 더 뮤지컬,coex 신한카드 artium,https://ticketimage.interpark.com/Play/image/large/23/23002045_p.gif
2023,뮤지컬 〈해적〉,서경대학교 공연예술센터 스콘1관,https://ticketimage.interpark.com/Play/image/large/23/23001691_p.gif
2023,뮤지컬 〈빨래〉,대학로 유니플렉스 2관,https://ticketimage.interpark.com/Play/image/large/23/23000548_p.gif
2023,뮤지컬 〈이프덴〉,홍익대 대학로 아트센터 대극장,https://ticketimage.interpark.com/Play/image/large/22/22013839_p.gif
2023,뮤지컬 〈웨스트 사이드 스토리〉,충무아트센터 대극장,https://ticketimage.interpark.com/Play/image/large/22/22012184_p.gif
2023,뮤지컬 〈결투〉,드림아트센터 2관,https://ticketimage.interpark.com/Play/image/large/23/23000134_p.gif
2023,뮤지컬 〈윌리엄과 윌리엄의 윌리엄들〉,대학로 아트원씨어터 2관,https://ticketimage.interpark.com/Play/image/large/23/23000221_p.gif
2023,와일드 와일드 〈드림〉,와일드 와일드 전용관 (명보아트홀),https://ticketimage.interpark.com/Play/image/large/22/22010119_p.gif
2023,뮤지컬 〈미드나잇 : 앤틀러스〉,플러스씨어터,https://ticketimage.interpark.com/Play/image/large/22/22017293_p.gif
2023,뮤지컬 〈로빈〉,대학로 TOM(티오엠) 1관,https://ticketimage.interpark.com/Play/image/large/22/22016158_p.gif
2023,뮤지컬 〈데미안〉,드림아트센터 3관,https://ticketimage.interpark.com/Play/image/large/22/22017511_p.gif
2023,뮤지컬 〈캣츠〉 오리지널 내한 - 대구（Musical CATS）,계명아트센터,https://ticketimage.interpark.com/Play/image/large/23/23000704_p.gif
2023,뮤지컬 〈호프 : 읽히지 않은 책과 읽히지 않은 인생〉,대학로 유니플렉스 1관,https://ticketimage.interpark.com/Play/image/large/23/23001026_p.gif
2023,뮤지컬 〈일라이〉,링크아트센터 페이코홀,https://ticketimage.interpark.com/Play/image/large/23/23000681_p.gif
2023,뮤지컬 〈비밀의 화원〉,국립정동극장(서울),https://ticketimage.interpark.com/Play/image/large/23/23001113_p.gif
2023,뮤지컬 〈종의 기원〉,드림아트센터 1관,https://ticketimage.interpark.com/Play/image/large/22/22015474_p.gif
2023,식스 더 뮤지컬 최초 한국 공연 - 내한,coex 신한카드 artium,https://ticketimage.interpark.com/Play/image/large/23/23000281_p.gif
2023,2023 뮤지컬 〈은밀하게 위대하게:THE LAST〉,KT＆G 상상마당 대치아트홀,https://ticketimage.interpark.com/Play/image/large/23/23001325_p.gif
2023,뮤지컬 〈브라더스 까라마조프〉,예스24스테이지 1관,https://ticketimage.interpark.com/Play/image/large/23/23002872_p.gif
2023,뮤지컬 〈루드윅 : 베토벤 더 피아노〉,예스24스테이지 1관,https://ticketimage.interpark.com/Play/image/large/22/22015844_p.gif
2023,"뮤지컬 〈실비아, 살다〉",대학로 TOM(티오엠) 2관,https://ticketimage.interpark.com/Play/image/large/22/22017876_p.gif
2023,뮤지컬 〈영웅〉 - 부산,부산 드림씨어터,https://ticketimage.interpark.com/Play/image/large/23/23005904_p.gif
2023,뮤지컬 친정엄마,디큐브 링크아트센터,https://ticketimage.interpark.com/Play/image/large/23/23002052_p.gif
2023,뮤지컬 〈보이체크 인 더 다크〉,링크아트센터 벅스홀,https://ticketimage.interpark.com/Play/image/large/23/23000450_p.gif
2023,뮤지컬 〈모차르트!〉,세종문화회관 대극장,https://ticketimage.interpark.com/Play/image/large/P0/P0003461_p.gif
2023,뮤지컬 〈비스티〉,링크아트센터 페이코홀,https://ticketimage.interpark.com/Play/image/large/23/23005030_p.gif
2023,뮤지컬 〈트레이스 유〉,링크아트센터 벅스홀,https://ticketimage.interpark.com/Play/image/large/23/23004834_p.gif
2023,뮤지컬 〈영웅〉 - 전주,한국소리문화의전당 모악당,https://ticketimage.interpark.com/Play/image/large/23/23004489_p.gif
2023,뮤지컬 〈웨이스티드〉 : 연극열전9_네 번째 작품,대학로 아트원씨어터 2관,https://ticketimage.interpark.com/Play/image/large/22/22014574_p.gif
2023,뮤지컬 〈빠리빵집〉,세종문화회관 S씨어터,https://ticketimage.interpark.com/Play/image/large/23/23003123_p.gif
2023,패밀리 서커스 〈이상한 나라의 앨리스〉 오리지널 내한공연,올림픽공원 올림픽홀,https://ticketimage.interpark.com/Play/image/large/23/23003121_p.gif
2023,뮤지컬 〈앤ANNE〉,예그린씨어터,https://ticketimage.interpark.com/Play/image/large/23/23000197_p.gif
2023,뮤지컬 〈쿠로이 저택엔 누가 살고 있을까？〉,플러스씨어터,https://ticketimage.interpark.com/Play/image/large/23/23004411_p.gif
2023,뮤지컬 〈다이스〉,CJ아지트 대학로,https://ticketimage.interpark.com/Play/image/large/22/22017653_p.gif
2023,뮤지컬 〈신이 나를 만들 때〉,대학로 예그린씨어터,https://ticketimage.interpark.com/Play/image/large/23/23002928_p.gif
2022,태양의서커스〈뉴 알레그리아〉,잠실종합운동장 내 빅탑,https://ticketimage.interpark.com/Play/image/large/22/22009029_p.gif
2022,뮤지컬 〈킹키부츠〉,충무아트센터 대극장,https://ticketimage.interpark.com/Play/image/large/22/22006535_p.gif
2022,뮤지컬 〈엘리자벳〉 10주년 기념공연,블루스퀘어 신한카드홀,https://ticketimage.interpark.com/Play/image/large/22/22008801_p.gif
2022,뮤지컬 〈아이다〉,블루스퀘어 신한카드홀,https://ticketimage.interpark.com/Play/image/large/22/22001534_p.gif
2022,뮤지컬 〈마틸다〉,대성 디큐브아트센터,https://ticketimage.interpark.com/Play/image/large/22/22009226_p.gif
2022,뮤지컬 〈웃는 남자〉,세종문화회관 대극장,https://ticketimage.interpark.com/Play/image/large/22/22004761_p.gif
2022,뮤지컬 〈물랑루즈!〉 아시아 초연 (Moulin Rouge! The Musical),블루스퀘어 신한카드홀,https://ticketimage.interpark.com/Play/image/large/22/22014586_p.gif
2022,뮤지컬 데스노트 (The Musical Death Note),충무아트센터 대극장,https://ticketimage.interpark.com/Play/image/large/22/22000970_p.gif
2022,뮤지컬 데스노트 (The Musical Death Note),예술의전당 오페라극장,https://ticketimage.interpark.com/Play/image/large/22/22006226_p.gif
2022,뮤지컬 지킬앤하이드 (Jekyll＆Hyde),샤롯데씨어터,https://ticketimage.interpark.com/Play/image/large/21/21007693_p.gif
2022,뮤지컬 〈사의찬미 - 10th Anniversary〉,대학로 TOM(티오엠) 1관,https://ticketimage.interpark.com/Play/image/large/22/22008657_p.gif
2022,뮤지컬 〈미세스 다웃파이어〉,샤롯데씨어터,https://ticketimage.interpark.com/Play/image/large/22/22008449_p.gif
2022,뮤지컬 라이온 킹 인터내셔널 투어 - 서울 (Musical The Lion King),예술의전당 오페라극장,https://ticketimage.interpark.com/Play/image/large/21/21011619_p.gif
2022,뮤지컬 〈여신님이 보고 계셔〉 10th Anniversary,대학로 유니플렉스 1관,https://ticketimage.interpark.com/Play/image/large/22/22013053_p.gif
2022,뮤지컬 〈마타하리〉,샤롯데씨어터,https://ticketimage.interpark.com/Play/image/large/22/22004500_p.gif
2022,뮤지컬 〈브로드웨이 42번가〉,예술의전당 CJ 토월극장,https://ticketimage.interpark.com/Play/image/large/22/22012589_p.gif
2022,뮤지컬 〈지저스 크라이스트 수퍼스타〉 50주년 기념 한국 공연,광림아트센터 BBCH홀,https://ticketimage.interpark.com/Play/image/large/22/22012033_p.gif
2022,뮤지컬 〈빨래〉,대학로 유니플렉스 2관,https://ticketimage.interpark.com/Play/image/large/22/22005675_p.gif
2022,뮤지컬 〈베토벤; Beethoven Secret〉,예술의전당 오페라극장,https://ticketimage.interpark.com/Play/image/large/22/22015806_p.gif
2022,뮤지컬 ＇영웅＇,LG아트센터 서울 LG SIGNATURE 홀,https://ticketimage.interpark.com/Play/image/large/L0/L0000021_p.gif
2022,뮤지컬 〈웨스트 사이드 스토리〉,충무아트센터 대극장,https://ticketimage.interpark.com/Play/image/large/22/22012184_p.gif
2022,뮤지컬 〈프랑켄슈타인〉,블루스퀘어 신한카드홀,https://ticketimage.interpark.com/Play/image/large/21/21008252_p.gif
2022,뮤지컬 〈서편제〉,광림아트센터 BBCH홀,https://ticketimage.interpark.com/Play/image/large/22/22007536_p.gif
2022,베어 더 뮤지컬(bare the musical),두산아트센터 연강홀,https://ticketimage.interpark.com/Play/image/large/22/22004644_p.gif
2022,뮤지컬 〈스위니토드〉,샤롯데씨어터,https://ticketimage.interpark.com/Play/image/large/22/22013271_p.gif
2022,뮤지컬 〈웨스턴 스토리〉,대학로 유니플렉스 1관,https://ticketimage.interpark.com/Play/image/large/22/22000934_p.gif
2022,뮤지컬 〈팬레터〉,coex 신한카드 artium,https://ticketimage.interpark.com/Play/image/large/21/21010169_p.gif
2022,뮤지컬 〈배니싱〉,대학로 아트원씨어터 1관,https://ticketimage.interpark.com/Play/image/large/22/22009711_p.gif
2022,뮤지컬 〈캣츠〉 오리지널 내한－서울（Musical CATS）,세종문화회관 대극장,https://ticketimage.interpark.com/Play/image/large/22/22015465_p.gif
2022,뮤지컬 〈미오 프라텔로〉,드림아트센터 1관,https://ticketimage.interpark.com/Play/image/large/22/22001335_p.gif
2022,뮤지컬 〈빌리 엘리어트〉,대성 디큐브아트센터,https://ticketimage.interpark.com/Play/image/large/21/21004532_p.gif
2022,뮤지컬 〈니진스키〉,대학로 아트원씨어터 1관,https://ticketimage.interpark.com/Play/image/large/22/22003199_p.gif
2022,뮤지컬 〈빨래〉,대학로 유니플렉스 2관,https://ticketimage.interpark.com/Play/image/large/21/21008475_p.gif
2022,뮤지컬 〈사랑의 불시착〉,coex 신한카드 artium,https://ticketimage.interpark.com/Play/image/large/22/22009050_p.gif
2022,육군 창작 뮤지컬 〈블루헬멧 : 메이사의 노래〉,디큐브 링크아트센터,https://ticketimage.interpark.com/Play/image/large/22/22000875_p.gif
2022,뮤지컬 〈브론테〉,대학로 자유극장,https://ticketimage.interpark.com/Play/image/large/22/22010373_p.gif
2022,블루맨그룹 월드투어,coex 신한카드 artium,https://ticketimage.interpark.com/Play/image/large/22/22003599_p.gif
2022,뮤지컬 라이온 킹 인터내셔널 투어 - 부산(Musical The Lion King),부산 드림씨어터,https://ticketimage.interpark.com/Play/image/large/22/22001582_p.gif
2022,뮤지컬 〈리지〉,두산아트센터 연강홀,https://ticketimage.interpark.com/Play/image/large/22/22001599_p.gif
2022,뮤지컬 〈랭보〉,대학로 TOM(티오엠) 1관,https://ticketimage.interpark.com/Play/image/large/22/22012631_p.gif
2022,뮤지컬 〈레베카〉,충무아트센터 대극장,https://ticketimage.interpark.com/Play/image/large/21/21009146_p.gif
2022,뮤지컬 〈디아길레프〉,대학로 아트원씨어터 1관,https://ticketimage.interpark.com/Play/image/large/21/21011871_p.gif
2022,뮤지컬〈하데스타운〉 최초 한국 공연 (MUSICAL HADESTOWN),LG아트센터,https://ticketimage.interpark.com/Play/image/large/21/21005196_p.gif
2022,뮤지컬 〈곤 투모로우〉,홍익대 대학로 아트센터 대극장,https://ticketimage.interpark.com/Play/image/large/21/21009896_p.gif
2022,뮤지컬 〈V 에버 애프터〉,드림아트센터 1관,https://ticketimage.interpark.com/Play/image/large/22/22007433_p.gif
2022,뮤지컬 〈미아 파밀리아〉,예스24스테이지 2관,https://ticketimage.interpark.com/Play/image/large/22/22004990_p.gif
2022,뮤지컬 킹아더 (Musical King Arthur),홍익대 대학로 아트센터 대극장,https://ticketimage.interpark.com/Play/image/large/22/22001580_p.gif
2022,뮤지컬 〈노트르담 드 파리〉 프렌치 오리지널 내한공연 - 앙코르,블루스퀘어 신한카드홀,https://ticketimage.interpark.com/Play/image/large/22/22000002_p.gif
2022,와일드 와일드 〈드림〉,와일드 와일드 전용관 (명보아트홀),https://ticketimage.interpark.com/Play/image/large/22/22010119_p.gif
2022,뮤지컬 〈이프덴〉,홍익대 대학로 아트센터 대극장,https://ticketimage.interpark.com/Play/image/large/22/22013839_p.gif
2021,뮤지컬 〈프랑켄슈타인〉,블루스퀘어 신한카드홀,https://ticketimage.interpark.com/Play/image/large/21/21008252_p.gif
2021,뮤지컬 〈시카고〉,대성 디큐브아트센터,https://ticketimage.interpark.com/Play/image/large/21/21000894_p.gif
2021,뮤지컬 〈위키드〉 - 서울 (Musical Wicked),블루스퀘어 신한카드홀(구 인터파크홀),https://ticketimage.interpark.com/Play/image/large/21/21000232_p.gif
2021,뮤지컬 〈헤드윅〉,충무아트센터 대극장,https://ticketimage.interpark.com/Play/image/large/21/21005689_p.gif
2021,뮤지컬 〈빌리 엘리어트〉,대성 디큐브아트센터,https://ticketimage.interpark.com/Play/image/large/21/21004532_p.gif
2021,뮤지컬 드라큘라 (Dracula：The Musical),블루스퀘어 신한카드홀(구 인터파크홀),https://ticketimage.interpark.com/Play/image/large/21/21002720_p.gif
2021,뮤지컬 〈레베카〉,충무아트센터 대극장,https://ticketimage.interpark.com/Play/image/large/21/21009146_p.gif
2021,뮤지컬 〈엑스칼리버〉,블루스퀘어 신한카드홀(구 인터파크홀),https://ticketimage.interpark.com/Play/image/large/21/21005816_p.gif
2021,뮤지컬 지킬앤하이드 (Jekyll＆Hyde),샤롯데씨어터,https://ticketimage.interpark.com/Play/image/large/21/21007693_p.gif
2021,뮤지컬 〈팬텀〉,샤롯데씨어터,https://ticketimage.interpark.com/Play/image/large/21/21000206_p.gif
2021,뮤지컬〈하데스타운〉 최초 한국 공연 (MUSICAL HADESTOWN),LG아트센터,https://ticketimage.interpark.com/Play/image/large/21/21005196_p.gif
2021,뮤지컬 `노트르담 드 파리` 프렌치 오리지널,세종문화회관 대극장,https://ticketimage.interpark.com/Play/image/large/P0/P0002748_p.gif
2021,뮤지컬 〈그레이트 코멧〉,유니버설아트센터,https://ticketimage.interpark.com/Play/image/large/21/21001000_p.gif
2021,2021 뮤지컬 〈광화문 연가〉,예술의전당 오페라극장,https://ticketimage.interpark.com/Play/image/large/21/21004339_p.gif
2021,뮤지컬 〈젠틀맨스 가이드 : 사랑과 살인편〉,광림아트센터 BBCH홀,https://ticketimage.interpark.com/Play/image/large/21/21009264_p.gif
2021,뮤지컬 〈와일드 그레이〉,대학로 아트원씨어터 1관,https://ticketimage.interpark.com/Play/image/large/21/21003704_p.gif
2021,뮤지컬 〈마리 앙투아네트〉,샤롯데씨어터,https://ticketimage.interpark.com/Play/image/large/21/21004304_p.gif
2021,뮤지컬 〈위키드〉 - 부산 초연 (Musical Wicked),부산 드림씨어터,https://ticketimage.interpark.com/Play/image/large/21/21002454_p.gif
2021,뮤지컬 〈해적〉,드림아트센터 1관,https://ticketimage.interpark.com/Play/image/large/21/21004224_p.gif
2021,2021 뮤지컬 〈비틀쥬스〉,세종문화회관 대극장,https://ticketimage.interpark.com/Play/image/large/21/21003471_p.gif
2021,뮤지컬 〈경종수정실록〉,대학로 아트원씨어터 1관,https://ticketimage.interpark.com/Play/image/large/21/21006978_p.gif
2021,뮤지컬 〈레드북〉,홍익대 대학로 아트센터 대극장,https://ticketimage.interpark.com/Play/image/large/21/21003717_p.gif
2021,뮤지컬 〈맨오브라만차〉,충무아트센터 대극장,https://ticketimage.interpark.com/Play/image/large/21/21001625_p.gif
2021,뮤지컬 〈명성황후〉 25주년 기념 공연,예술의전당 오페라극장,https://ticketimage.interpark.com/Play/image/large/20/20009551_p.gif
2021,뮤지컬 〈몬테크리스토〉 10주년 기념공연,LG아트센터,https://ticketimage.interpark.com/Play/image/large/20/20007937_p.gif
2021,미스터쇼(Mr.SHOW),신한pLay 스퀘어 라이브홀,https://ticketimage.interpark.com/Play/image/large/21/21007583_p.gif
2021,뮤지컬 〈브라더스 까라마조프〉,YES24 스테이지 1관,https://ticketimage.interpark.com/Play/image/large/21/21000830_p.gif
2021,뮤지컬 〈팬레터〉,coex 신한카드 artium,https://ticketimage.interpark.com/Play/image/large/21/21010169_p.gif
2021,뮤지컬 〈트레이스 유〉,백암아트홀,https://ticketimage.interpark.com/Play/image/large/21/21007110_p.gif
2021,뮤지컬 〈라 레볼뤼시옹〉,대학로 자유극장,https://ticketimage.interpark.com/Play/image/large/21/21003166_p.gif
2021,뮤지컬 〈곤 투모로우〉,홍익대 대학로 아트센터 대극장,https://ticketimage.interpark.com/Play/image/large/21/21009896_p.gif
2021,뮤지컬 〈잭더리퍼〉,한전아트센터,https://ticketimage.interpark.com/Play/image/large/21/21010803_p.gif
2021,뮤지컬 〈맨오브라만차〉,샤롯데씨어터,https://ticketimage.interpark.com/Play/image/large/20/20008287_p.gif
2021,뮤지컬 〈빨래〉,대학로 유니플렉스 2관,https://ticketimage.interpark.com/Play/image/large/21/21008475_p.gif
2021,뮤지컬 〈V 에버 애프터〉,예스24스테이지 2관,https://ticketimage.interpark.com/Play/image/large/21/21007215_p.gif
2021,"뮤지컬 〈스웨그에이지 : 외쳐, 조선!〉",예술의전당 CJ 토월극장,https://ticketimage.interpark.com/Play/image/large/20/20010593_p.gif
2021,뮤지컬 〈개와 고양이의 시간〉,드림아트센터 1관,https://ticketimage.interpark.com/Play/image/large/21/21006977_p.gif
2021,"2021 뮤지컬 〈마마,돈크라이〉 10+1주년 기념 공연",두산아트센터 연강홀,https://ticketimage.interpark.com/Play/image/large/21/21003130_p.gif
2021,뮤지컬 〈시카고〉 - 대구,대구오페라하우스,https://ticketimage.interpark.com/Play/image/large/21/21009863_p.gif
2021,뮤지컬 〈어쩌면 해피엔딩〉 2021,예스24스테이지 1관,https://ticketimage.interpark.com/Play/image/large/21/21003923_p.gif
2021,뮤지컬〈엔딩 노트〉,대학로 자유극장,https://ticketimage.interpark.com/Play/image/large/21/21009213_p.gif
2021,뮤지컬 창업,SH아트홀,https://ticketimage.interpark.com/Play/image/large/21/21006998_p.gif
2021,뮤지컬 〈고스트〉,디큐브아트센터,https://ticketimage.interpark.com/Play/image/large/20/20006092_p.gif
2021,뮤지컬 〈그날들〉,충무아트센터 대극장,https://ticketimage.interpark.com/Play/image/large/20/20007956_p.gif
2021,뮤지컬 〈아가사 AGATHA〉,대학로 유니플렉스 1관,https://ticketimage.interpark.com/Play/image/large/21/21006407_p.gif
2021,뮤지컬 〈캣츠〉 40주년 내한공연-부산 (Musical CATS),부산 드림씨어터,https://ticketimage.interpark.com/Play/image/large/21/21000561_p.gif
2021,뮤지컬 멸화군,대학로 TOM(티오엠) 1관,https://ticketimage.interpark.com/Play/image/large/21/21007516_p.gif
2021,뮤지컬 〈검은 사제들〉,대학로 유니플렉스 1관,https://ticketimage.interpark.com/Play/image/large/21/21000082_p.gif
2021,뮤지컬 ‘노트르담 드 파리’ 프렌치 오리지널 - 부산,소향씨어터 신한카드홀,https://ticketimage.interpark.com/Play/image/large/21/21011222_p.gif
2021,"뮤지컬 〈아르토, 고흐〉",대학로 유니플렉스 2관,https://ticketimage.interpark.com/Play/image/large/21/21005913_p.gif
2020,뮤지컬 〈오페라의 유령〉 월드투어 - 서울(The Phantom of the Opera),블루스퀘어 인터파크홀,https://ticketimage.interpark.com/Play/image/large/19/19015386_p.gif
2020,뮤지컬 〈모차르트!〉 10주년 기념공연,세종문화회관 대극장,https://ticketimage.interpark.com/Play/image/large/P0/P0001849_p.gif
2020,뮤지컬 드라큘라 (Dracula：The Musical),샤롯데씨어터,https://ticketimage.interpark.com/Play/image/large/19/19017827_p.gif
2020,뮤지컬 〈킹키부츠〉,블루스퀘어 인터파크홀,https://ticketimage.interpark.com/Play/image/large/20/20005030_p.gif
2020,뮤지컬 〈브로드웨이42번가〉,샤롯데씨어터,https://ticketimage.interpark.com/Play/image/large/20/20003772_p.gif
2020,뮤지컬 〈렌트〉,대성 디큐브아트센터,https://ticketimage.interpark.com/Play/image/large/20/20003508_p.gif
2020,뮤지컬 〈아이다〉,블루스퀘어 인터파크홀,https://ticketimage.interpark.com/Play/image/large/19/19011808_p.gif
2020,뮤지컬 〈비스티〉,서경대학교 공연예술센터 스콘1관,https://ticketimage.interpark.com/Play/image/large/20/20005886_p.gif
2020,뮤지컬 〈레베카〉,충무아트센터 대극장,https://ticketimage.interpark.com/Play/image/large/19/19013796_p.gif
2020,뮤지컬 〈캣츠〉 40주년 내한공연 - Seoul (Musical CATS),샤롯데씨어터,https://ticketimage.interpark.com/Play/image/large/20/20007209_p.gif
2020,뮤지컬 〈노트르담 드 파리〉 프렌치 오리지널 내한 (12/18~),블루스퀘어 인터파크홀,https://ticketimage.interpark.com/Play/image/large/20/20010952_p.gif
2020,뮤지컬 〈귀환〉 온라인 생중계 - 온라인 관람권,무이자할부,https://ticketimage.interpark.com/Play/image/large/20/20007338_p.gif
2020,베어 더 뮤지컬(bare the musical),두산아트센터 연강홀,https://ticketimage.interpark.com/Play/image/large/20/20003592_p.gif
2020,"뮤지컬 〈스웨그에이지 : 외쳐, 조선!〉",홍익대 대학로 아트센터 대극장,https://ticketimage.interpark.com/Play/image/large/19/19018778_p.gif
2020,뮤지컬 〈웃는 남자〉,예술의전당 오페라극장,https://ticketimage.interpark.com/Play/image/large/19/19016582_p.gif
2020,뮤지컬 썸씽로튼 (Musical Something Rotten!),충무아트센터 대극장,https://ticketimage.interpark.com/Play/image/large/20/20004934_p.gif
2020,뮤지컬 〈미오 프라텔로〉,드림아트센터 1관,https://ticketimage.interpark.com/Play/image/large/20/20007266_p.gif
2020,뮤지컬 〈여신님이 보고 계셔〉,대학로 유니플렉스 1관,https://ticketimage.interpark.com/Play/image/large/19/19015390_p.gif
2020,뮤지컬 〈알렉산더〉,드림아트센터 2관,https://ticketimage.interpark.com/Play/image/large/20/20003150_p.gif
2020,뮤지컬 〈브라더스 까라마조프〉,대학로 자유극장,https://ticketimage.interpark.com/Play/image/large/19/19019170_p.gif
2020,뮤지컬 〈고스트〉,디큐브아트센터,https://ticketimage.interpark.com/Play/image/large/20/20006092_p.gif
2020,뮤지컬 〈어쩌면 해피엔딩〉 2020,예스24스테이지 1관,https://ticketimage.interpark.com/Play/image/large/20/20004265_p.gif
2020,뮤지컬 〈베르테르〉,광림아트센터 BBCH홀,https://ticketimage.interpark.com/Play/image/large/20/20005095_p.gif
2020,뮤지컬 〈빨래〉,동양예술극장 1관 (4층),https://ticketimage.interpark.com/Play/image/large/20/20003788_p.gif
2020,뮤지컬 〈차미〉,충무아트센터 중극장 블랙,https://ticketimage.interpark.com/Play/image/large/20/20002836_p.gif
2020,뮤지컬 〈루드윅：베토벤 더 피아노〉,대학로 TOM(티오엠) 1관,https://ticketimage.interpark.com/Play/image/large/20/20004236_p.gif
2020,뮤지컬 〈전설의 리틀 농구단〉,동덕여대 공연예술센터 코튼홀,https://ticketimage.interpark.com/Play/image/large/20/20003987_p.gif
2020,뮤지컬 〈마리 퀴리〉,홍익대 대학로 아트센터 대극장,https://ticketimage.interpark.com/Play/image/large/20/20005173_p.gif
2020,뮤지컬 〈시데레우스〉,대학로 아트원씨어터 1관,https://ticketimage.interpark.com/Play/image/large/20/20005205_p.gif
2020,뮤지컬 〈제이미〉,LG아트센터,https://ticketimage.interpark.com/Play/image/large/20/20003711_p.gif
2020,뮤지컬 〈풍월주〉,대학로 아트원씨어터 1관,https://ticketimage.interpark.com/Play/image/large/20/20003523_p.gif
2020,뮤지컬 〈리지(LIZZIE)〉,드림아트센터 1관 에스비타운,https://ticketimage.interpark.com/Play/image/large/20/20002414_p.gif
2020,뮤지컬 〈오페라의 유령〉 월드투어 - 부산(The Phantom of the Opera),부산 드림씨어터,https://ticketimage.interpark.com/Play/image/large/19/19015394_p.gif
2020,뮤지컬 〈그날들〉,충무아트센터 대극장,https://ticketimage.interpark.com/Play/image/large/20/20007956_p.gif
2020,뮤지컬 〈배니싱〉,대학로 아트원씨어터 1관,https://ticketimage.interpark.com/Play/image/large/20/20007979_p.gif
2020,뮤지컬 〈아킬레스〉,드림아트센터 2관,https://ticketimage.interpark.com/Play/image/large/20/20007576_p.gif
2020,뮤지컬 〈머더 발라드〉,세종문화회관 S씨어터,https://ticketimage.interpark.com/Play/image/large/P0/P0002368_p.gif
2020,뮤지컬 〈미스트〉,대학로 TOM(티오엠) 1관,https://ticketimage.interpark.com/Play/image/large/19/19018628_p.gif
2020,뮤지컬 〈개와 고양이의 시간〉,드림아트센터 1관,https://ticketimage.interpark.com/Play/image/large/20/20004572_p.gif
2020,뮤지컬 〈마리 퀴리〉,충무아트센터 중극장 블랙,https://ticketimage.interpark.com/Play/image/large/19/19018693_p.gif
2020,뮤지컬 〈보디가드〉,LG아트센터,https://ticketimage.interpark.com/Play/image/large/19/19014598_p.gif
2020,뮤지컬 〈미아 파밀리아〉,예스24스테이지 2관,https://ticketimage.interpark.com/Play/image/large/20/20003530_p.gif
2020,미스터쇼(Mr.SHOW),신한pLay 스퀘어 라이브홀,https://ticketimage.interpark.com/Play/image/large/19/19011175_p.gif
2020,뮤지컬 〈블랙메리포핀스〉,대학로 TOM(티오엠) 1관,https://ticketimage.interpark.com/Play/image/large/20/20007700_p.gif
2020,뮤지컬 〈오페라의 유령〉 월드투어－대구(The Phantom of the Opera),계명아트센터,https://ticketimage.interpark.com/Play/image/large/20/20004774_p.gif
2020,뮤지컬 〈팬레터〉,두산아트센터 연강홀,https://ticketimage.interpark.com/Play/image/large/19/19014681_p.gif
2020,뮤지컬 〈블러디 사일런스 : 류진 더 뱀파이어 헌터〉,대학로 TOM(티오엠) 2관,https://ticketimage.interpark.com/Play/image/large/20/20005654_p.gif
2020,뮤지컬 〈난설〉,콘텐츠 그라운드,https://ticketimage.interpark.com/Play/image/large/20/20004090_p.gif
2020,뮤지컬 〈빅 피쉬〉 한국 초연,예술의전당 CJ 토월극장,https://ticketimage.interpark.com/Play/image/large/19/19014353_p.gif
2020,뮤지컬 〈스위니토드〉,샤롯데씨어터,https://ticketimage.interpark.com/Play/image/large/19/19011716_p.gif
2019,뮤지컬 〈아이다〉,블루스퀘어 인터파크홀,https://ticketimage.interpark.com/Play/image/large/19/19011808_p.gif
2019,뮤지컬 〈스위니토드〉,샤롯데씨어터,https://ticketimage.interpark.com/Play/image/large/19/19011716_p.gif
2019,뮤지컬 〈그날들〉,블루스퀘어 인터파크홀,https://ticketimage.interpark.com/Play/image/large/18/18017539_p.gif
2019,뮤지컬 〈벤허〉,블루스퀘어 인터파크홀,https://ticketimage.interpark.com/Play/image/large/19/19007343_p.gif
2019,뮤지컬 〈레베카〉,충무아트센터 대극장,https://ticketimage.interpark.com/Play/image/large/19/19013796_p.gif
2019,뮤지컬 〈지킬앤하이드〉,샤롯데씨어터,https://ticketimage.interpark.com/Play/image/large/18/18011275_p.gif
2019,뮤지컬 라이온 킹 인터내셔널 투어-부산（Musical The Lion King）,부산 드림씨어터,https://ticketimage.interpark.com/Play/image/large/19/19001144_p.gif
2019,뮤지컬 〈사의찬미〉,대학로 TOM(티오엠) 1관,https://ticketimage.interpark.com/Play/image/large/19/19008114_p.gif
2019,뮤지컬〈맘마미아!〉,LG아트센터,https://ticketimage.interpark.com/Play/image/large/19/19007017_p.gif
2019,뮤지컬 〈마리 앙투아네트〉,디큐브아트센터,https://ticketimage.interpark.com/Play/image/large/19/19009145_p.gif
2019,뮤지컬 〈영웅〉 10주년 기념공연,세종문화회관 대극장,https://ticketimage.interpark.com/Play/image/large/18/18017982_p.gif
2019,뮤지컬 안나 카레니나,블루스퀘어 인터파크홀,https://ticketimage.interpark.com/Play/image/large/19/19003835_p.gif
2019,미스터쇼(Mr.SHOW),신한pLay 스퀘어 라이브홀,https://ticketimage.interpark.com/Play/image/large/19/19011175_p.gif
2019,뮤지컬 〈영웅〉 10주년 기념공연,예술의전당 오페라극장,https://ticketimage.interpark.com/Play/image/large/19/19007818_p.gif
2019,뮤지컬 〈오페라의 유령〉 월드투어 - 부산(The Phantom of the Opera),부산 드림씨어터,https://ticketimage.interpark.com/Play/image/large/19/19015394_p.gif
2019,뮤지컬 〈헤드윅〉,홍익대 대학로 아트센터 대극장,https://ticketimage.interpark.com/Play/image/large/19/19009617_p.gif
2019,뮤지컬 〈오페라의 유령〉 월드투어 - 서울(The Phantom of the Opera),블루스퀘어 인터파크홀,https://ticketimage.interpark.com/Play/image/large/19/19015386_p.gif
2019,뮤지컬《엑스칼리버》,세종문화회관 대극장,https://ticketimage.interpark.com/Play/image/large/19/19006237_p.gif
2019,뮤지컬 〈엘리자벳〉,블루스퀘어 인터파크홀,https://ticketimage.interpark.com/Play/image/large/18/18012338_p.gif
2019,뮤지컬 라이온 킹 인터내셔널 투어-서울(Musical The Lion King),예술의전당 오페라극장,https://ticketimage.interpark.com/Play/image/large/18/18011457_p.gif
2019,뮤지컬 〈김종욱찾기〉 - 서울 대학로,컬처스페이스 엔유,https://ticketimage.interpark.com/Play/image/large/19/19006228_p.gif
2019,뮤지컬 〈팬레터〉,두산아트센터 연강홀,https://ticketimage.interpark.com/Play/image/large/19/19014681_p.gif
2019,ALL NEW! 뮤지컬 〈그리스〉,디큐브아트센터,https://ticketimage.interpark.com/Play/image/large/19/19002274_p.gif
2019,뮤지컬 〈보디가드〉,LG아트센터,https://ticketimage.interpark.com/Play/image/large/19/19014598_p.gif
2019,뮤지컬 〈신흥무관학교〉,광림아트센터 BBCH홀,https://ticketimage.interpark.com/Play/image/large/19/19001485_p.gif
2019,뮤지컬 〈여신님이 보고 계셔〉,대학로 유니플렉스 1관,https://ticketimage.interpark.com/Play/image/large/19/19015390_p.gif
2019,뮤지컬 스쿨 오브 락 월드투어-서울 (Musical School Of Rock),샤롯데씨어터,https://ticketimage.interpark.com/Play/image/large/19/19006031_p.gif
2019,뮤지컬 〈팬텀〉,충무아트센터 대극장,https://ticketimage.interpark.com/Play/image/large/18/18012787_p.gif
2019,2019 푸에르자부르타 웨이라 인 서울［2019 FUERZA BRUTA WAYRA in SEOUL］,잠실종합운동장 FB씨어터,https://ticketimage.interpark.com/Play/image/large/19/19002028_p.gif
2019,뮤지컬 킹아더（Musical King Arthur）,충무아트센터 대극장,https://ticketimage.interpark.com/Play/image/large/19/19001738_p.gif
2019,뮤지컬 〈귀환〉,올림픽공원 우리금융아트홀,https://ticketimage.interpark.com/Play/image/large/19/19012487_p.gif
2019,겨울왕국 : 디즈니 온 아이스 (Disney On Ice presents Frozen),목동 아이스링크,https://ticketimage.interpark.com/Play/image/large/19/19007193_p.gif
2019,뮤지컬 〈경종수정실록〉,대학로 TOM(티오엠) 1관,https://ticketimage.interpark.com/Play/image/large/19/19014356_p.gif
2019,뮤지컬 시라노,광림아트센터 BBCH홀,https://ticketimage.interpark.com/Play/image/large/19/19008824_p.gif
2019,뮤지컬 〈마틸다〉,LG아트센터,https://ticketimage.interpark.com/Play/image/large/18/18008703_p.gif
2019,ALL NEW! 뮤지컬 〈그리스〉,디큐브아트센터,https://ticketimage.interpark.com/Play/image/large/19/19014812_p.gif
2019,뮤지컬 〈맘마미아!〉 - 대구,계명아트센터,https://ticketimage.interpark.com/Play/image/large/19/19013732_p.gif
2019,뮤지컬 〈빨래〉,동양예술극장 1관 (4층),https://ticketimage.interpark.com/Play/image/large/18/18018218_p.gif
2019,뮤지컬 〈빅 피쉬〉 한국 초연,예술의전당 CJ 토월극장,https://ticketimage.interpark.com/Play/image/large/19/19014353_p.gif
2019,뮤지컬 플래시댄스-영국 웨스트엔드 오리지널 내한,세종문화회관 대극장,https://ticketimage.interpark.com/Play/image/large/P0/P0001611_p.gif
2019,뮤지컬 〈해적〉,드림아트센터 2관,https://ticketimage.interpark.com/Play/image/large/19/19002260_p.gif
2019,뮤지컬 〈시티오브엔젤〉,충무아트센터 대극장,https://ticketimage.interpark.com/Play/image/large/19/19008881_p.gif
2019,뮤지컬 〈랭보〉,예스24 스테이지 1관 (구 대명문화공장 1관),https://ticketimage.interpark.com/Play/image/large/19/19011324_p.gif
2019,뮤지컬 〈웃는 남자〉,예술의전당 오페라극장,https://ticketimage.interpark.com/Play/image/large/19/19016582_p.gif
2019,뮤지컬 〈미아 파밀리아〉,드림아트센터 2관,https://ticketimage.interpark.com/Play/image/large/19/19005885_p.gif
2019,뮤지컬 〈호프：읽히지 않은 책과 읽히지 않은 인생〉,두산아트센터 연강홀,https://ticketimage.interpark.com/Play/image/large/19/19000615_p.gif
2019,뮤지컬 〈록키호러쇼〉,홍익대 대학로 아트센터 대극장,https://ticketimage.interpark.com/Play/image/large/19/19005857_p.gif
2019,뮤지컬 〈니진스키〉,대학로 아트원씨어터 1관,https://ticketimage.interpark.com/Play/image/large/19/19005443_p.gif
2019,"뮤지컬 〈스웨그에이지 : 외쳐, 조선!〉",두산아트센터 연강홀,https://ticketimage.interpark.com/Play/image/large/19/19006557_p.gif
2019,뮤지컬 〈빨래〉,동양예술극장 1관 (4층),https://ticketimage.interpark.com/Play/image/large/20/20003788_p.gif
2018,태양의서커스〈쿠자〉,잠실종합운동장 내 빅탑,https://ticketimage.interpark.com/Play/image/large/18/18009343_p.gif
2018,뮤지컬 〈엘리자벳〉,블루스퀘어 인터파크홀,https://ticketimage.interpark.com/Play/image/large/18/18012338_p.gif
2018,뮤지컬［프랑켄슈타인］,블루스퀘어 인터파크홀,https://ticketimage.interpark.com/Play/image/large/18/18005352_p.gif
2018,〈웃는 남자〉 예술의전당,예술의전당 오페라극장,https://ticketimage.interpark.com/Play/image/large/18/18005170_p.gif
2018,뮤지컬 〈웃는 남자〉,블루스퀘어 인터파크홀,https://ticketimage.interpark.com/Play/image/large/18/18009670_p.gif
2018,뮤지컬 〈빌리 엘리어트〉,디큐브아트센터,https://ticketimage.interpark.com/Play/image/large/17/17011875_p.gif
2018,뮤지컬 노트르담 드 파리 - 한국어버전 10주년,세종문화회관 대극장,https://ticketimage.interpark.com/Play/image/large/18/18004552_p.gif
2018,뮤지컬 라이온 킹 인터내셔널 투어-서울(Musical The Lion King),예술의전당 오페라극장,https://ticketimage.interpark.com/Play/image/large/18/18011457_p.gif
2018,뮤지컬 〈시카고〉,디큐브아트센터,https://ticketimage.interpark.com/Play/image/large/18/18002984_p.gif
2018,뮤지컬 〈지킬앤하이드〉,샤롯데씨어터,https://ticketimage.interpark.com/Play/image/large/18/18011275_p.gif
2018,뮤지컬 〈마틸다〉,LG아트센터,https://ticketimage.interpark.com/Play/image/large/18/18008703_p.gif
2018,뮤지컬 〈킹키부츠〉,블루스퀘어 인터파크홀,https://ticketimage.interpark.com/Play/image/large/17/17017348_p.gif
2018,뮤지컬 〈젠틀맨스 가이드 : 사랑과 살인편〉,홍익대 대학로 아트센터 대극장,https://ticketimage.interpark.com/Play/image/large/18/18013641_p.gif
2018,뮤지컬 〈팬텀〉,충무아트센터 대극장,https://ticketimage.interpark.com/Play/image/large/18/18012787_p.gif
2018,뮤지컬 〈광화문 연가〉,디큐브아트센터,https://ticketimage.interpark.com/Play/image/large/18/18012060_p.gif
2018,뮤지컬〈매디슨 카운티의 다리〉,샤롯데씨어터,https://ticketimage.interpark.com/Play/image/large/18/18007572_p.gif
2018,미스터쇼 (Mr.SHOW),신한pLay 스퀘어 라이브홀,https://ticketimage.interpark.com/Play/image/large/18/18010079_p.gif
2018,뮤지컬 맨오브라만차,블루스퀘어 인터파크홀,https://ticketimage.interpark.com/Play/image/large/18/18002766_p.gif
2018,뮤지컬 라이온 킹 인터내셔널 투어-대구(Musical The Lion King),계명아트센터,https://ticketimage.interpark.com/Play/image/large/18/18011665_p.gif
2018,뮤지컬 안나 카레니나,예술의전당 오페라극장,https://ticketimage.interpark.com/Play/image/large/17/17014812_p.gif
2018,뮤지컬 브로드웨이 42번가,예술의전당 CJ 토월극장,https://ticketimage.interpark.com/Play/image/large/18/18005777_p.gif
2018,뮤지컬 〈배니싱〉,대학로 아트원씨어터 1관,https://ticketimage.interpark.com/Play/image/large/18/18010115_p.gif
2018,뮤지컬 빨래,동양예술극장 1관,https://ticketimage.interpark.com/Play/image/large/18/18005012_p.gif
2018,뮤지컬 닥터지바고,샤롯데씨어터,https://ticketimage.interpark.com/Play/image/large/18/18000293_p.gif
2018,뮤지컬 〈랭보〉,대학로 TOM(티오엠) 1관,https://ticketimage.interpark.com/Play/image/large/18/18012337_p.gif
2018,뮤지컬 〈명성황후〉,세종문화회관 대극장,https://ticketimage.interpark.com/Play/image/large/17/17017274_p.gif
2018,"뮤지컬 마마돈크라이（Mama, Don’t cry）",대학로 아트원씨어터 1관,https://ticketimage.interpark.com/Play/image/large/18/18001935_p.gif
2018,〈2018 뮤지컬 젊음의 행진〉,충무아트센터 대극장,https://ticketimage.interpark.com/Play/image/large/18/18001139_p.gif
2018,뮤지컬 〈바넘：위대한쇼맨〉,충무아트센터 대극장,https://ticketimage.interpark.com/Play/image/large/18/18008709_p.gif
2018,뮤지컬 〈김종욱찾기〉 - 서울 대학로,컬처스페이스 엔유,https://ticketimage.interpark.com/Play/image/large/19/19006228_p.gif
2018,뮤지컬 더 라스트 키스 (황태자 루돌프),LG아트센터,https://ticketimage.interpark.com/Play/image/large/17/17014226_p.gif
2018,뮤지컬 〈삼총사 10주년 기념공연〉,한전아트센터,https://ticketimage.interpark.com/Play/image/large/18/18000903_p.gif
2018,뮤지컬〈록키호러쇼〉,홍익대 대학로 아트센터 대극장,https://ticketimage.interpark.com/Play/image/large/18/18007650_p.gif
2018,뮤지컬 〈스모크〉,DCF대명문화공장 2관 라이프웨이홀,https://ticketimage.interpark.com/Play/image/large/18/18004149_p.gif
2018,캣츠 내한공연 앙코르（Musical CATS）,세종문화회관 대극장,https://ticketimage.interpark.com/Play/image/large/17/17016834_p.gif
2018,뮤지컬 인터뷰,드림아트센터 1관,https://ticketimage.interpark.com/Play/image/large/18/18007802_p.gif
2018,뮤지컬 〈어쩌면 해피엔딩〉 2018,대명문화공장 1관 비발디파크홀,https://ticketimage.interpark.com/Play/image/large/18/18013344_p.gif
2018,뮤지컬 빨래,동양예술극장 1관,https://ticketimage.interpark.com/Play/image/large/17/17014995_p.gif
2018,뮤지컬 〈바람과 함께 사라지다〉,샤롯데씨어터,https://ticketimage.interpark.com/Play/image/large/18/18004852_p.gif
2018,푸에르자부르타 웨이라［FUERZA BRUTA WAYRA］in 서울,잠실종합운동장 FB시어터,https://ticketimage.interpark.com/Play/image/large/18/18006892_p.gif
2018,베어 더 뮤지컬(bare the musical),백암아트홀,https://ticketimage.interpark.com/Play/image/large/17/17013214_p.gif
2018,뮤지컬 〈아이언 마스크〉,광림아트센터 BBCH홀,https://ticketimage.interpark.com/Play/image/large/18/18010724_p.gif
2018,뮤지컬 더데빌 (Musical THE DEVIL),두산아트센터 연강홀,https://ticketimage.interpark.com/Play/image/large/18/18012426_p.gif
2018,뮤지컬〈프랑켄슈타인〉- 부산,소향씨어터 신한카드홀,https://ticketimage.interpark.com/Play/image/large/18/18012404_p.gif
2018,뮤지컬〈시카고〉- 성남,성남아트센터 오페라하우스,https://ticketimage.interpark.com/Play/image/large/18/18012967_p.gif
2018,뮤지컬 〈스토리오브마이라이프〉,백암아트홀,https://ticketimage.interpark.com/Play/image/large/18/18012864_p.gif
2018,뮤지컬 〈오! 캐롤〉,디큐브아트센터,https://ticketimage.interpark.com/Play/image/large/18/18009235_p.gif
2018,미스터쇼(Mr.SHOW),신한pLay 스퀘어 라이브홀,https://ticketimage.interpark.com/Play/image/large/17/17011553_p.gif
2018,2018 뮤지컬 〈풍월주〉,대학로 유니플렉스 1관,https://ticketimage.interpark.com/Play/image/large/18/18014723_p.gif
2018,뮤지컬 레드북,세종문화회관 M씨어터,https://ticketimage.interpark.com/Play/image/large/17/17017683_p.gif
